{"cameraMode":{"drawMode":0,"name":"Shaded","section":"Shading Mode"},"sceneLighting":false,"audioPlay":false,"sceneViewState":{"m_AlwaysRefresh":false,"showFog":true,"showSkybox":false,"showFlares":true,"showImageEffects":true,"showParticleSystems":true,"showVisualEffectGraphs":true,"m_FxEnabled":false},"in2DMode":false,"pivot":{"x":2.2351741790771486e-8,"y":-1.049810528755188,"z":4.354472637176514},"rotation":{"x":0.04745025187730789,"y":0.09932174533605576,"z":0.004615663085132837,"w":-0.9939507842063904},"size":0.6425591111183167,"orthographic":false}