{"cameraMode":{"drawMode":0,"name":"Shaded","section":"Shading Mode"},"sceneLighting":true,"audioPlay":false,"sceneViewState":{"m_AlwaysRefresh":false,"showFog":true,"showSkybox":true,"showFlares":true,"showImageEffects":true,"showParticleSystems":true,"showVisualEffectGraphs":true,"m_FxEnabled":false},"in2DMode":false,"pivot":{"x":3.5733742713928224,"y":2.311344861984253,"z":-1.4179264307022095},"rotation":{"x":-0.0028026315849274399,"y":-0.9954336881637573,"z":0.0313725620508194,"w":-0.09043258428573609},"size":1.948071002960205,"orthographic":false}